key,value
0,[UNK]
1,中
2,不淨
3,者
4,潛潛
5,對答
6,大祭
7,司長
8,讚頌
9,者의
10,後
11,王
12,地位
13,大臣
14,百姓
15,戰場
16,各各
17,混亂
18,第
19,七
20,年
21,百
22,夫
23,長
24,護衛
25,兵
26,殿
27,言約
28,盟誓
29,王子
30,子女
31,本
32,族
33,祖上
34,基業
35,回復
36,罪
37,擔當
38,法
39,義
40,行하
41,律
42,例
43,丁寧
44,長老
45,對한
46,訟
47,事
48,證人
49,人
50,居
51,滿足
52,少年
53,子孫
54,支
55,派
56,家族
57,城
58,邑
59,村落
60,主의
61,救贖
62,自己
63,因하
64,列
65,國
66,主
67,書記官
68,鬼神
69,願하
70,求하
71,消息
72,傳하
73,者가
74,傳할
75,生命
76,妻
77,妾
78,救援
79,臣
80,僕
81,永遠
82,處
83,所
84,對敵
85,滅
86,忿
87,境界
88,北
89,便
90,煙氣
91,門
92,新郞
93,車
94,土地
95,骨
96,肉
97,律法
98,貪
99,心
100,三
101,治
102,理
103,母親
104,相關
105,記錄
106,捕虜
107,擄
108,掠
109,取하
110,弱한
111,者는
112,棕
113,櫚
114,兄弟
115,殿과
116,王宮
117,貴
118,窮乏
119,速히
120,臨하
121,遲滯
122,洞里
123,人生
124,來日
125,重
126,雨
127,雹
128,開國
129,以來
130,困
131,苦
132,依
133,託
134,保護
135,前
136,告
137,應하
138,詩
139,伶長
140,避하
141,永遠히
142,番
143,智慧
144,聰明
145,術
146,客
147,十
148,倍
149,臣下
150,甚히
151,至極히
152,裁判
153,附屬
154,震
155,怒
156,洗禮
157,屬
158,或
159,告하
160,葬事
161,道路
162,凄
163,凉
164,節期
165,荒
166,寂
167,祭司長
168,嘆息
169,處女
170,萬物
171,向하
172,善한
173,證據
174,命하
175,合하
176,住所
177,詛呪
178,爲하
179,山
180,爭
181,辯
182,世上
183,死亡
184,日
185,色
186,點
187,壁
188,右便
189,破
190,유대人
191,對하
192,將來
193,忽
194,然히
195,動物
196,食物
197,菜蔬
198,祭物
199,同情
200,産業
201,當한
202,永久
203,尺
204,量
205,東向
206,四面
207,女人
208,西
209,東
210,目前
211,人糞
212,眞相
213,解釋
214,異像
215,逃亡
216,陷穽
217,準備
218,紛爭
219,事蹟
220,戰爭
221,行爲
222,記에
223,決議
224,行事
225,可
226,者라
227,辯明
228,聖殿
229,犯하
230,敎訓
231,行實
232,意向
233,忍耐
234,許諾
235,詔書
236,屍體
237,二
238,族長
239,當身
240,民
241,分明히
242,靈
243,付託
244,眞理
245,境內
246,山地
247,聖靈
248,救主
249,豊盛
250,倉庫
251,汁
252,葡萄
253,祈禱
254,知識
255,漸漸
256,父親
257,四方
258,建築
259,怨讐
260,始作
261,男女
262,不法
263,赦하
264,福
265,飮食
266,祝謝
267,甥
268,姪
269,命
270,迎接
271,慰勞
272,榮光
273,無理
274,惡한
275,憤怒
276,醉
277,下體
278,禍
279,使者
280,拒逆
281,自願
282,使
283,喚
284,長幼
285,次
286,序
287,異常
288,定한
289,能力
290,保存
291,病
292,傷處
293,能히
294,激動
295,犯罪
296,香
297,爐
298,會
299,衆
300,染
301,贖罪
302,異邦
303,香氣
304,百合
305,花
306,沒
307,藥
308,安息
309,堅
310,剛
311,全
312,能
313,磐
314,石
315,牧
316,聖
317,幕
318,板
319,天下
320,萬
321,福音
322,傳播
323,審判
324,願대
325,故
326,凡
327,順從
328,入
329,敎
330,驕慢
331,魔鬼
332,定
333,滅亡
334,服從
335,命令
336,規
337,行할
338,羊
339,奇異
340,萬國
341,和睦
342,祭
343,犧牲
344,所得
345,金
346,孫子
347,孫女
348,六
349,一
350,千
351,當할
352,祖
353,私
354,慾
355,孕胎
356,苦痛
357,世界
358,生産
359,二千
360,四
361,恒常
362,仰
363,望
364,罰
365,矜恤을
366,猛烈
367,憤
368,城의
369,復活
370,或은
371,譏
372,弄
373,各其
374,停止
375,各
376,解
377,渴
378,牧場
379,外
380,和
381,親
382,取한
383,肉身
384,使徒
385,不良
386,行動
387,詭譎한
388,白
389,體
390,醉하
391,放
392,蕩
393,充滿
394,弟子
395,禁하
396,水門
397,廣場
398,午正
399,男子
400,女子
401,冊
402,物件
403,五日
404,女子
405,神
406,祭祀
407,請하
408,良心
409,親戚
410,自身
411,班
412,萬一
413,武裝
414,辱
415,劃
416,天地
417,個
418,誓願
419,制馭
420,誓約
421,約
422,行
423,或時
424,魔術
425,試驗
426,的으로
427,惡
428,鬼
429,憑藉
430,隨從
431,軍士
432,之
433,父母
434,正直
435,左右
436,留
437,宿
438,物
439,容納
440,秘密
441,靈魂
442,所生
443,寶座
444,行한
445,歷代
446,志
447,略
448,珍羞
449,供
450,饋
451,屬하
452,生育
453,蕃盛
454,征服
455,空中
456,生物
457,結
458,縛
459,稱讚
460,擇하
461,方
462,伯
463,回
464,報
465,果然
466,正午
467,同
468,腹
469,親舊
470,度
471,記憶
472,民衆
473,先知者
474,官員
475,異邦人
476,羞
477,當하
478,尊
479,威嚴
480,崇拜
481,所爲
482,毁
483,柱像
484,打破
485,手足
486,床
487,江
488,善
489,城門
490,公
491,軍
492,矜恤히
493,淨하
494,雷
495,受苦
496,培養
497,亡한
498,窓
499,面
500,恩惠
501,義의
502,膳物
503,只今
504,全部
505,民族
506,本土
507,奴婢
508,壓
509,制
510,主管
511,葡萄酒
512,盞
513,天使
514,硫黃
515,苦難
516,位
517,十二
518,歲라
519,五
520,不當
521,수羊
522,無
523,酵
524,餠
525,素
526,奠祭
527,根源
528,東方
529,平地
530,暴風
531,南方
532,發行
533,帳幕
534,宗族
535,娶하
536,寡婦
537,成就
538,建
539,基礎
540,者니
541,戀愛
542,無花果
543,通知
544,演劇
545,場
546,勸하
547,牲
548,畜
549,區別
550,屬한
551,神의
552,櫃
553,每
554,長大
555,獅子
556,花環
557,貌樣
558,甚한
559,痙攣
560,解産
561,呼吸
562,定價
563,禧
564,計算
565,權能
566,燔
567,愚
568,昧
569,正當
570,壇
571,周圍
572,寶物
573,箱子
574,千萬
575,罪惡
576,代身
577,譬喩
578,天國
579,主시
580,二月
581,條
582,銀
583,義人
584,天
585,惡人
586,價値
587,曠野
588,平原
589,爲한
590,祝福
591,前과
592,邪
593,縮
594,先生
595,溫
596,柔
597,判斷
598,火祭
599,法대
600,感動
601,亨
602,通
603,故로
604,虐待
605,打
606,作
607,狂風
608,極히
609,裁判長
610,朽
611,敗
612,衣服
613,平安
614,念慮
615,國民
616,引導
617,管轄
618,請
619,末
620,席
621,衰
622,敬畏
623,平
624,康
625,親히
626,穩全히
627,魂
628,降臨
629,欠
630,保全
631,大
632,抵
633,謀
634,害하
635,倨慢
636,警醒
637,明
638,哲
639,譴
640,責
641,邦
642,擇한
643,勇猛
644,豫備
645,勇士
646,八
647,對陣
648,眞實로
649,論
650,死生
651,鮮
652,血
653,實로
654,流離
655,少數
656,寓
657,畢
658,竟
659,强하
660,長이
661,災殃
662,患
663,難
664,榮華
665,鑑察
666,歲月
667,年歲
668,險惡
669,謙遜
670,眞珠
671,陣
672,避
673,人子
674,陸地
675,通過
676,水
677,女人
678,勢力
679,旗號
680,看
681,役
682,牌
683,數
684,爻
685,初等
686,學
687,問
688,儀文
689,地境
690,柏
691,木
692,伐
693,生水
694,折半
695,東海
696,西海
697,運行
698,溫氣
699,晝
700,夜
701,禁
702,食
703,通하
704,肉體
705,軍官
706,强盜
707,劍
708,者신
709,永永
710,搖動치
711,暴
712,虐
713,絶
714,保도
715,把
716,守
717,無知
718,子婦
719,洪水
720,舟
721,門直
722,畵像
723,虛
724,誕
725,陰
726,府
727,房
728,臆志로
729,亂
730,殺人
731,捕
732,圖謀
733,默
734,想
735,悅
736,納
737,朝夕
738,主人
739,財物
740,兼하
741,探知
742,剛愎함을
743,馬
744,兵隊
745,二萬
746,所産
747,敬
748,拜
749,地臺
750,會堂
751,敬虔
752,辯論
753,秋收
754,穀物
755,糧食
756,依賴
757,堅固
758,破滅
759,公平
760,指示
761,定하
762,偶像
763,任意
764,賞
765,職分
766,敎會
767,聖徒
768,追擊
769,得
770,意
771,事情
772,忠誠
773,使臣
774,良
775,村
776,名
777,方言
778,特別히
779,豫言
780,德
781,通譯
782,者만
783,自
784,服
785,誡命
786,仁慈
787,獄
788,光彩
789,敢히
790,禮物
791,闕
792,氣運
793,後孫
794,奇事
795,異蹟
796,賤
797,輕
798,長子
799,攻
800,鎚
801,臺
802,저便
803,眷顧
804,傷하
805,吐하
806,上
807,達
808,橄
809,欖
810,純潔
811,燈
812,城壁
813,乳房
814,以前
815,聯絡
816,通行
817,豊富
818,爲함
819,博士
820,맞은便
821,報讐
822,殺人者
823,逃避
824,靈
825,憎
826,企待
827,殄
828,庫
829,間
830,所聞
831,眞實
832,丈人
833,恩賜
834,頭
835,領
836,背叛
837,認定
838,悖
839,逆
840,發하
841,恩寵
842,弔喪
843,粧
844,飾
845,丹粧
846,化粧
847,戀人
848,蔑視
849,蘇
850,醒
851,氣絶
852,下層
853,廣
854,層
855,湯
856,罐
857,正月
858,一日
859,地面
860,保證
861,保
862,取할
863,行蹟
864,王后
865,內侍
866,中心
867,危急
868,切迫
869,窟
870,隱密
871,經水
872,兩
873,記號
874,眉間
875,標
876,賣買
877,椅子
878,四千
879,箇
880,害
881,弟者
882,遺傳
883,遵
884,臨
885,仔細히
886,治道
887,免
888,求할
889,饑饉
890,感謝
891,手下
892,管理
893,前夫
894,哭
895,種類
896,强
897,依支
898,慕
899,口
900,向
901,應答
902,蕪
903,宮
904,建設
905,娼
906,妓
907,計
908,巧
909,勇
910,力
911,叛逆
912,代
913,贖
914,左
915,怯
916,思慕
917,男便
918,和合
919,忿怒
920,工匠
921,警戒
922,目的
923,淸潔
924,勝利
925,將次
926,方策
927,所望
928,精
929,女兒
930,假令
931,瘟
932,疫
933,痛哭
934,哀
935,歌
936,寂寞
937,織
938,造
939,小子
940,失
941,足
942,工巧
943,器械
944,創作
945,城廓
946,遠
947,强盛
948,煎
949,焚香
950,防牌
951,火箭
952,消滅
953,角
954,萬歲
955,慝
956,總理
957,外貌
958,潔
959,禮
960,道
961,證
962,書
963,矜恤대로
964,令
965,不知
966,證明
967,頒布
968,座
969,月
970,朔
971,世代
972,打擊
973,損傷
974,免하
975,默示
976,地方
977,犯한
978,媤
979,父
980,因
981,傳함
982,歲
983,卽位
984,墓
985,室
986,反對
987,石像
988,堂
989,奪取
990,擇
991,鄕
992,里에
993,譜
994,系
995,計數
996,先
997,見
998,黑
999,暗
1000,占
1001,病들
1002,陳
1003,設
1004,近
1005,同族
1006,寢
1007,破壞
1008,保障
1009,生存
1010,軍隊
1011,氣
1012,衝
1013,天하
1014,殺
1015,戮
1016,祭司
1017,職
1018,聖衣
1019,蘇生
1020,侍衛隊
1021,所有
1022,貧民
1023,園
1024,約束
1025,獨
1026,生
1027,子
1028,器具
1029,甁
1030,赦
1031,主가
1032,閒寂
1033,殿이
1034,弱點
1035,穩全
1036,指名
1037,正道
1038,捐補
1039,安全
1040,靑年
1041,匹
1042,物品
1043,穀食
1044,驚
1045,悶
1046,沓
1047,奉事
1048,器
1049,皿
1050,靑色
1051,褓
1052,海
1053,獺
1054,機會
1055,家庭
1056,産物
1057,官
1058,故國
1059,遺業
1060,怨望
1061,姉妹
1062,金고
1063,草
1064,忠
1065,誠心
1066,骨節
1067,氣가
1068,幼兒
1069,領
1070,率
1071,言
1072,揮
1073,帳
1074,虛無
1075,竪
1076,琴
1077,琵
1078,琶
1079,提
1080,神靈
1081,無數히
1082,輸
1083,運
1084,謗
1085,逼迫
1086,膽大
1087,廳
1088,直
1089,流行
1090,疾病
1091,利益
1092,徵兆
1093,擇할
1094,竣工
1095,費用
1096,豫算
1097,割
1098,同行
1099,報酬
1100,廊
1101,異端
1102,訓戒
1103,診察
1104,皮膚
1105,光明
1106,騷動
1107,細
1108,麻
1109,布
1110,懲罰
1111,形像
1112,羞恥
1113,議
1114,世世
1115,陽
1116,皮
1117,虛妄
1118,置
1119,箭筒
1120,願
1121,沃
1122,土
1123,鹽
1124,亂離
1125,意見
1126,所願
1127,親族
1128,兄
1129,勸
1130,性品
1131,生前
1132,淫
1133,婦
1134,自由
1135,緣故
1136,假量
1137,式
1138,樣
1139,初
1140,舊
1141,弱
1142,風
1143,說
1144,稱하
1145,라人
1146,愆
1147,犯
1148,過
1149,職員
1150,保護者
1151,笏
1152,嚴
1153,所見
1154,分
1155,身
1156,內臟
1157,子息
1158,情
1159,服役
1160,寢床
1161,便紙
1162,聯合
1163,進行
1164,主로
1165,是認
1166,詭譎과
1167,殘害
1168,實果
1169,輕蔑
1170,不義
1171,凶惡
1172,掌中
1173,操心
1174,行人
1175,無罪
1176,迅速
1177,思想
1178,荒廢
1179,乏
1180,世
1181,十字架
1182,總督
1183,震動
1184,結局
1185,願치
1186,威
1187,旗幟
1188,宿所
1189,指導者
1190,可하
1191,前부
1192,二名
1193,軟하
1194,謙卑
1195,所用
1196,議論
1197,待
1198,殘
1199,富
1200,饒
1201,財産
1202,增殖
1203,關係
1204,業
1205,踐
1206,踏
1207,憂
1208,完全
1209,告訴
1210,正義
1211,類
1212,勝
1213,驗
1214,行사
1215,懇
1216,求
1217,懇切
1218,詭
1219,詐
1220,淨
1221,居處
1222,工作
1223,一般
1224,要求
1225,搜索
1226,聖山
1227,感情
1228,對面
1229,甚至於
1230,卦
1231,軍中
1232,不足
1233,廢하
1234,稀罕
1235,灌
1236,油
1237,腐敗
1238,測量
1239,氣力
1240,權利
1241,謀士
1242,都邑
1243,貴族
1244,聽
1245,從
1246,粧飾
1247,辨
1248,餘名
1249,合當
1250,妄靈
1251,懲戒
1252,生徒
1253,經費
1254,王室
1255,九
1256,享壽
1257,奉安
1258,材料
1259,具備
1260,負袋
1261,吐
1262,往來
1263,不
1264,委託
1265,權勢
1266,偵
1267,探
1268,衝突
1269,騎兵
1270,無數
1271,房과
1272,玄關
1273,수獅
1274,家屋
1275,胸
1276,北方
1277,行
1278,伍
1279,富者
1280,逾越
1281,節
1282,封하
1283,滿期
1284,出生
1285,日光
1286,南便
1287,誘惑
1288,聖經
1289,自意
1290,每年
1291,長官
1292,連하
1293,據
1294,罪人
1295,確
1296,旅行
1297,要
1298,命함
1299,啓示
1300,彫刻
1301,神像
1302,激
1303,無視
1304,同一
1305,市民
1306,眷
1307,時間
1308,遷延
1309,昌
1310,旺盛
1311,巨富
1312,品
1313,寶石
1314,女王
1315,當
1316,陳述
1317,商賈
1318,蝗
1319,蟲
1320,注目
1321,如前히
1322,同等
1323,맏兄
1324,河水
1325,陷沒
1326,周
1327,鉢
1328,殿門
1329,至聖
1330,門과
1331,鞫問
1332,都城
1333,殘忍
1334,漲
1335,妬忌
1336,白髮
1337,老人
1338,前日
1339,淨한
1340,憊
1341,未
1342,象牙
1343,矜恤과
1344,嗚呼
1345,流出
1346,流出
1347,紫
1348,紅
1349,委任
1350,問安
1351,以後
1352,完全히
1353,移居
1354,自稱
1355,患者
1356,禁錮
1357,作定
1358,永生
1359,哲學者
1360,女종
1361,尹
1362,頭目
1363,近傍
1364,肝
1365,伏兵
1366,中間
1367,應할
1368,鍛鍊
1369,小茴
1370,大茴
1371,像
1372,役事
1373,千夫
1374,權
1375,時
1376,叔
1377,母니
1378,罪囚
1379,太陽
1380,結實
1381,太陰
1382,詭譎로
1383,信
1384,實
1385,安逸
1386,卽
1387,骸骨
1388,貧
1389,窮
1390,伸寃
1391,求景
1392,督促
1393,當日
1394,窘
1395,逐
1396,商品
1397,貿易
1398,毒한
1399,五名
1400,건너便
1401,前例
1402,木工
1403,鐵
1404,工
1405,燒滅
1406,發
1407,前날
1408,臨時
1409,强한
1410,軟弱
1411,音樂
1412,不可
1413,均等
1414,大丈
1415,淫亂
1416,應
1417,無子
1418,相續
1419,占領
1420,各國
1421,缺乏
1422,他人
1423,河
1424,屠殺
1425,潤澤
1426,奸詐
1427,履行
1428,女神
1429,成立
1430,一個
1431,以上
1432,戱
1433,冕
1434,旒
1435,冠
1436,濱
1437,銅
1438,各樣
1439,機械
1440,搖動
1441,擾亂
1442,宮庭
1443,有酵
1444,孤兒
1445,嘶腸
1446,除하
1447,母
1448,音聲
1449,收納
1450,鈍
1451,內
1452,帑
1453,各色
1454,樂
1455,毒
1456,彼
1457,此
1458,者이
1459,傳道
1460,菜
1461,田
1462,變裝
1463,王服
1464,看直
1465,猜忌
1466,海邊
1467,船
1468,重數
1469,雹이
1470,雹災
1471,凶
1472,落膽
1473,警
1474,代代
1475,約婚
1476,戰死
1477,娶할
1478,災
1479,錢
1480,高가
1481,半
1482,大將軍
1483,腫
1484,痔
1485,疾
1486,壞
1487,疥
1488,瘡
1489,治療
1490,多
1491,待接
1492,刑罰
1493,大路
1494,徒步
1495,各人
1496,分量
1497,十一
1498,八月
1499,設計
1500,體恤하며
1501,免할
1502,代代로
1503,手中
1504,褒奬
1505,壇의
1506,落
1507,成
1508,向한
1509,威脅
1510,下
1511,鑑
1512,長壽
1513,輦이
1514,擁
1515,圍
1516,恐懼
1517,亡하
1518,少女
1519,食口
1520,急히
1521,初喪
1522,留心
1523,穹
1524,蒼
1525,換算
1526,各種
1527,發見
1528,嫌疑
1529,容恕
1530,臨할
1531,椎
1532,扶助
1533,卑
1534,賤하
1535,商
1536,主宰
1537,緯線
1538,灰
1539,漆
1540,俗
1541,單番에
1542,牛
1543,膝
1544,道理
1545,馬車
1546,衰弱
1547,千名
1548,贖한
1549,弊
1550,關稅
1551,丁稅
1552,節制
1553,宣布
1554,讚揚
1555,愁色
1556,貯蓄
1557,同盟
1558,表
1559,徵
1560,至
1561,出入
1562,背逆
1563,滿
1564,燈불
1565,光線
1566,誹謗
1567,凌
1568,本來
1569,奇妙
1570,按
1571,手
1572,姦
1573,亡
1574,甚하
1575,路
1576,暫
1577,注意
1578,建物
1579,産期
1580,臨迫
1581,靑
1582,異腹
1583,妻가
1584,祖父
1585,蕃殖
1586,極
1587,同生
1588,嗣
1589,幻像
1590,實行
1591,班列
1592,煩惱
1593,理致
1594,廣大
1595,養育
1596,洶
1597,湧
1598,變
1599,易
1600,害치
1601,方今
1602,惡臭
1603,減
1604,十月
1605,安
1606,頓
1607,占치
1608,宣言
1609,離婚
1610,印
1611,封
1612,別
1613,以下
1614,屈伏
1615,奮發
1616,茂盛
1617,充實
1618,叛
1619,城과
1620,妓生
1621,同居
1622,同時
1623,海岸
1624,權力
1625,羊이
1626,毒酒
1627,益
1628,製造
1629,婢子
1630,慈悲
1631,銀은
1632,盤
1633,都
1634,合
1635,息
1636,槍
1637,稱頌
1638,尊敬
1639,屠
1640,丁
1641,蓮
1642,七月
1643,書記
1644,表蹟
1645,許
1646,卜
1647,土器
1648,匠이
1649,微
1650,直行
1651,施行
1652,路
1653,洽足
1654,傷
1655,宦官
1656,溢
1657,布로
1658,産婆
1659,捷
1660,徑
1661,暗黑
1662,象
1663,四月
1664,陷落
1665,贖하
1666,利를
1667,賂物
1668,判決
1669,失手
1670,者면
1671,石榴
1672,胡桃
1673,漏
1674,十二月
1675,聖潔
1676,善待
1677,確實히
1678,診斷
1679,薦하
1680,剛愎케
1681,奢侈
1682,致富
1683,幅
1684,綻
1685,露
1686,陸地
1687,鰐魚
1688,沙漠
1689,從者
1690,每日
1691,定數
1692,乳
1693,年代
1694,說明
1695,熱心
1696,曾
1697,孫
1698,榮譽
1699,壯談
1700,知覺
1701,必然
1702,決心
1703,廓
1704,瞬息間
1705,變化
1706,塵
1707,多少
1708,勿論
1709,家畜
1710,繼續
1711,疲困
1712,繡
1713,堪當
1714,惡行
1715,變하
1716,定期
1717,貢
1718,封鎖
1719,老年
1720,奉
1721,養
1722,貴한
1723,喧
1724,譁
1725,豪氣
1726,武勇
1727,辯이
1728,俊秀
1729,王族
1730,大事
1731,駝
1732,鳥
1733,拒絶
1734,會計
1735,庫直
1736,分配
1737,道로
1738,住民
1739,新婦
1740,善하
1741,五歲
1742,十日
1743,元年
1744,燈臺
1745,指導
1746,關하
1747,偏見
1748,偏
1749,僻
1750,平生
1751,膽
1752,外三寸
1753,平穩
1754,看守
1755,卽時
1756,安心
1757,壽
1758,迫害
1759,報復
1760,恥辱
1761,門帳
1762,嘆願
1763,豹
1764,追憶
1765,一齊히
1766,去就
1767,玄
1768,五代
1769,種子
1770,混合
1771,門의
1772,弱하
1773,婚
1774,適當
1775,埋伏
1776,迷
1777,惑
1778,遺言
1779,卒
1780,제各其
1781,王權
1782,南
1783,平坦
1784,田地
1785,避할
1786,有益
1787,矜恤이
1788,常
1789,敎育
1790,功
1791,練習
1792,奉事者
1793,方法
1794,請求
1795,侍女
1796,蹂躪
1797,鬚髥
1798,士
1799,病든
1800,總會
1801,參與
1802,神堂
1803,創造
1804,困難
1805,嘲弄
1806,한便
1807,恨嘆
1808,接近
1809,逸
1810,要塞
1811,中과
1812,九月
1813,頌
1814,祝
1815,剛愎하게
1816,悔改
1817,箴
1818,降服
1819,部分
1820,重修
1821,子民
1822,抑
1823,奪
1824,民間
1825,困境
1826,父與
1827,名譽
1828,問題
1829,敵
1830,喜
1831,舞蹈
1832,痛
1833,有名
1834,婦女
1835,許多
1836,香煙
1837,頑
1838,募集
1839,參加
1840,避難處
1841,木像
1842,日月
1843,星
1844,辰
1845,友愛
1846,朝貢
1847,鍊鍛
1848,祭壇
1849,目覩
1850,緘
1851,競爭
1852,義理
1853,城도
1854,免치
1855,決코
1856,富貴
1857,長久
1858,一時
1859,胎
1860,美童
1861,子와
1862,金器
1863,重量
1864,왼便
1865,한番
1866,接
1867,決斷
1868,火
1869,光石
1870,自慢
1871,歌와
1872,指定
1873,集會
1874,事緣
1875,綠豆
1876,辛苦
1877,外飾
1878,敎人
1879,地獄
1880,出嫁
1881,無故
1882,取
1883,極한
1884,潺潺
1885,群衆
1886,惡性
1887,系統
1888,姓이
1889,別다른
1890,必要
1891,先頭
1892,敵軍
1893,解放
1894,弄談
1895,官長
1896,蠢
1897,後裔
1898,縞
1899,瑪
1900,瑙
1901,公布
1902,警告
1903,矜恤로
1904,當時
1905,鍊達
1906,殃
1907,禍가
1908,誠實
1909,眞正
1910,救하
1911,嫉妬
1912,全國
1913,地
1914,界
1915,侵犯
1916,無禮
1917,求치
1918,收入
1919,纏袋
1920,名聲
1921,邪惡
1922,特
1923,甚
1924,懇切히
1925,確信
1926,僭
1927,濫
1928,系譜
1929,貧困
1930,期限
1931,他國
1932,本國
1933,交際
1934,錄
1935,豫定
1936,小
1937,鼓
1938,審問
1939,主掌
1940,盜賊
1941,놋門을
1942,傲慢
1943,稱呼
1944,宮中
1945,香料
1946,武器
1947,國內
1948,精力
1949,巡
1950,人民
1951,廣闊
1952,對抗
1953,終日
1954,唱
1955,千千
1956,萬萬
1957,櫓
1958,餘
1959,里
1960,床이
1961,先祖
1962,魚
1963,主權
1964,昆蟲
1965,多幸히
1966,三月
1967,亦是
1968,利息
1969,番갈
1970,監督
1971,太初
1972,着
1973,錮
1974,城안
1975,記念
1976,役事가
1977,性
1978,萬有
1979,十一月
1980,農夫
1981,裁判官
1982,金과
1983,兩面
1984,글字
1985,歡
1986,妙
1987,策
1988,暫時
1989,者와
1990,者인
1991,內殿
1992,駐屯
1993,營門
1994,類가
1995,豊足
1996,除한
1997,危險
1998,全蝎
1999,乾燥
2000,討
2001,索
2002,事業
2003,富하
2004,裏面
2005,的
2006,木手
2007,寵
2008,幸福
2009,對
2010,斥
2011,亡이
2012,夕陽
2013,波濤
2014,讚美
2015,無識
2016,聯結
2017,恢復
2018,大會
2019,勞動
2020,丈母
2021,密室
2022,措處
2023,다락房
2024,斗
2025,典
2026,醜
2027,絨
2028,偶然히
2029,甲옷
2030,負傷
2031,知
2032,賞이
2033,任
2034,金방
2035,確定
2036,柱
2037,礎
2038,濁
2039,流
2040,躁急
2041,語
2042,訥
2043,敏捷
2044,都市
2045,相議
2046,朝
2047,飯
2048,匪
2049,幽
2050,主張
2051,荒蕪地
2052,惡意
2053,男
2054,發明
2055,毒蛇
2056,龍의
2057,植民地
2058,死體
2059,豺
2060,狼
2061,穴
2062,瀋判
2063,共謀
2064,仔細
2065,入口
2066,出口
2067,侮辱
2068,言語
2069,混雜
2070,敎導
2071,漁夫
2072,紫朱
2073,甲
2074,榮
2075,積
2076,蓄
2077,掠奪
2078,人口
2079,調査
2080,絲
2081,才能
2082,獻身
2083,萬을
2084,慢
2085,違
2086,繼母
2087,苟
2088,禁할
2089,山은
2090,漂
2091,通用
2092,果實
2093,兵器
2094,職務
2095,相當
2096,彷徨
2097,禮節
2098,禱
2099,沐浴
2100,桶
2101,義務
2102,斑指
2103,杖
2104,過去
2105,怨
2106,嫌
2107,誤
2108,興
2109,旺
2110,黨派
2111,時勢
2112,者며
2113,疑問
2114,救濟
2115,師
2116,帳이
2117,泄精
2118,幽冥
2119,形狀
2120,繡놓
2121,盡
2122,雷
2123,聲
2124,惠
2125,傳한
2126,女
2127,王妃
2128,降伏
2129,痕跡
2130,報答
2131,後悔
2132,健
2133,一週
2134,君
2135,宣傳
2136,隱
2137,秘
2138,年
2139,齒
2140,國家
2141,覇權
2142,穀
2143,苦悶
2144,有
2145,娶한
2146,營
2147,相關없
2148,干涉
2149,罰金
2150,酬恩
2151,軍服
2152,俗談
2153,婚姻
2154,所請
2155,船長
2156,船人
2157,亡할
2158,苦生
2159,二를
2160,荒蕪지
2161,强大
2162,望이
2163,犯人
2164,除
2165,處하
2166,證書
2167,被造物
2168,苦待
2169,印친
2170,勞力
2171,食慾
2172,根本
2173,上古
2174,營長
2175,正
2176,路로
2177,便히
2178,壯丁
2179,時代
2180,軍人
2181,陣中
2182,喪主
2183,喪服
2184,經
2185,士師
2186,壓迫
2187,中央
2188,唐
2189,突
2190,會員
2191,交通
2192,無情
2193,一生
2194,疊
2195,가룟人이라
2196,宮殿
2197,心情
2198,動
2199,第一
2200,煩
2201,果木
2202,樓
2203,有司
2204,夢
2205,兆
2206,遑急히
2207,恭敬
2208,圓滿
2209,學士
2210,兼
2211,年限
2212,大小
2213,侍臣
2214,所行
2215,旗가
2216,禮
2217,農事
2218,印치
2219,尋常
2220,乞
2221,急하
2222,講
2223,勉
2224,典當
2225,勒
2226,捧
2227,事實
2228,否認
2229,駁
2230,才
2231,聖號
2232,限界
2233,偉大
2234,匠
2235,奬勵
2236,綠
2237,中門
2238,其他
2239,貪慾
2240,所니
2241,山城
2242,牛乳
2243,實狀
2244,心術
2245,閒
2246,談
2247,漏洩
2248,稱
2249,閣
2250,精美
2251,邊
2252,搖
2253,抄
2254,競走
2255,體質
2256,五月
2257,沙工
2258,親近
2259,解決
2260,平民
2261,合한
2262,防備
2263,査實
2264,閉會
2265,유대敎
2266,投票
2267,被告
2268,原告
2269,事件
2270,災難
2271,習慣
2272,接觸
2273,三寸
2274,次例
2275,宮女
2276,大人
2277,後日
2278,剛愎한
2279,寢室
2280,菓子
2281,避難
2282,侵入
2283,女
2284,皇
2285,次次
2286,創
2287,至今
2288,大將
2289,註釋
2290,病듦을
2291,晩餐
2292,參
2293,爲
2294,宮闕
2295,性稟
2296,境
2297,從容
2298,若干
2299,株
2300,部隊
2301,普通
2302,義대
2303,形便
2304,和暢
2305,過夏
2306,冬
2307,戚
2308,已往
2309,高
2310,史官
2311,洞察
2312,諸
2313,具
2314,後代
2315,後生
2316,陪
2317,今年
2318,焰
2319,寄宿
2320,酷毒
2321,獻
2322,貢稅
2323,知能
2324,無窮
2325,同僚
2326,苦憫
2327,近處
2328,播
2329,種
2330,故鄕
2331,可憐
2332,媤母
2333,訴訟
2334,確實
2335,人間
2336,振興
2337,恐怖
2338,頹
2339,修理
2340,懲
2341,御
2342,分別
2343,比
2344,事理
2345,大綱
2346,定規
2347,合意
2348,肩
2349,帶
2350,赦宥
2351,苦楚
2352,交
2353,計劃
2354,爲人
2355,幕이
2356,稅吏
2357,劫
2358,居住
2359,叔父
2360,抑鬱
2361,一心
2362,大主
2363,宰
2364,死地
2365,碎
2366,迅速히
2367,微弱
2368,燒火
2369,總
2370,階
2371,形體
2372,權限
2373,分明
2374,當局者
2375,到
2376,先人
2377,移動하
2378,물甁
2379,救할
2380,表象
2381,統治
2382,材
2383,花石
2384,榴
2385,黃
2386,楊
2387,決
2388,案
2389,楔
2390,遍
2391,彩色
2392,頑强
2393,落葉
2394,本받
2395,謝禮
2396,事機
2397,傷害
2398,歌詞
2399,執事
2400,心思
2401,森林
2402,醜惡
2403,詐欺
2404,厚
2405,禽獸
2406,硏
2407,活潑
2408,倉
2409,猝
2410,一切
2411,貪色
2412,占匠
2413,南門
2414,沈
2415,桂
2416,絃樂
2417,欲
2418,利
2419,大海
2420,妖術
2421,呼
2422,平日
2423,香油
2424,沈沒
2425,時에
2426,大闕
2427,詔命
2428,泣
2429,全身
2430,田園
2431,賠償
2432,無限
2433,非
2434,似
2435,姦夫
2436,外國人
2437,位置
2438,安靜
2439,豊年
2440,로마人
2441,玉
2442,不久
2443,時期
2444,繁昌
2445,增築
2446,隱密히
2447,道의
2448,百萬
2449,名分
2450,隔하
2451,昇天
2452,探求
2453,衙前
2454,上官
2455,純
2456,斤
2457,侍從
2458,觀望
2459,唯一
2460,宴會
2461,扈
2462,是非
2463,吸收
2464,召集
2465,當然
2466,移徙
2467,自高
2468,高는
2469,自古
2470,平和
2471,關한
2472,大便
2473,小便
2474,나櫃
2475,念
2476,嘲笑
2477,篤
2478,過多
2479,江물
2480,優劣
2481,較
2482,熱病
2483,沓沓
2484,避한
2485,體恤하지
2486,歲이
2487,日用
2488,容
2489,特別
2490,一日이
2491,怨恨
2492,全滅
2493,好
2494,店
2495,盡하
2496,政事
2497,四萬
2498,燦爛
2499,魁
2500,首
2501,現狀
2502,盟
2503,谷
2504,海股
2505,手巾
2506,削除
2507,昏
2508,戾
2509,諾
2510,塗
2511,抹
2512,如
2513,約定
2514,災害
2515,挽留
2516,自白
2517,謹
2518,愼
2519,違反
2520,邊境
2521,固執
2522,毆打
2523,傷한
2524,多子
2525,毫厘
2526,海洋
2527,代요
2528,茫
2529,助치
2530,戀
2531,元老
2532,目擊者
2533,來歷
2534,著述
2535,客室
2536,留
2537,作別
2538,擔
2539,負
2540,董督
2541,官吏
2542,出
2543,者리
2544,朗讀
2545,以外
2546,終末
2547,食卓
2548,布帳
2549,東洋
2550,皇帝
2551,上疏
2552,座席
2553,陣과
2554,經營
2555,如干
2556,過失
2557,天父
2558,芥
2559,禮拜
2560,乖
2561,紛
2562,擾
2563,山嶽
2564,苦難도
2565,後宮
2566,明紬
2567,祭司張
2568,反抗
2569,政權
2570,擧祭
2571,王位
2572,長도
2573,疑心
2574,二人
2575,空
2576,下人
2577,廢
2578,王座
2579,坐
2580,年少
2581,貞
2582,蕩減
2583,料
2584,容貌
2585,雅淡
2586,異
2587,自矜
2588,善惡
2589,戶籍
2590,逢
2591,賊
2592,論하
2593,定치
2594,斷定
2595,失行
2596,軍器
2597,法律
2598,嗤
2599,笑
2600,提出
2601,私私
2602,父子
2603,姑捨하고
2604,名義
2605,厄
2606,感覺
2607,辭
2608,重大
2609,卓越
2610,寨
2611,誘引
2612,慾心
2613,婦人
2614,有力
2615,煽動
2616,西方
2617,蒼白
2618,急한
2619,裂
2620,暴雨
2621,樂器
2622,追從
2623,家中
2624,諸般
2625,熱誠
2626,藍
2627,寶
2628,絃
2629,靜肅
2630,累
2631,懇請
2632,經綸
2633,圖章
2634,佩
2635,限
2636,先知
2637,金防
2638,種族
2639,典執
2640,肢體
2641,達하
2642,影
2643,多數
2644,不正
2645,貴하
2646,比較
2647,兼한
2648,侮
2649,障碍物
2650,終
2651,本性
2652,元
2653,握手
2654,熱情
2655,武士
2656,變形
2657,놋脛甲을
2658,놋短槍을
2659,猝地
2660,襲擊
2661,國境
2662,時方
2663,樂
2664,復
2665,壯
2666,氣勢
2667,尺數
2668,阿諂
2669,最高
2670,統治者
2671,與否
2672,把守
2673,壯士
2674,風俗
2675,虛僞
2676,崇
2677,歡迎
2678,生氣
2679,鞍裝
2680,派遣
2681,情形
2682,最後
2683,粥
2684,月經
2685,數多
2686,讒
2687,訴
2688,놋壇은
2689,轟
2690,城이
2691,無心
2692,要緊
2693,飽食
2694,定할
2695,貰로
2696,掃
2697,囊
2698,供給
2699,王족
2700,將軍
2701,自主
2702,發表
2703,少時
2704,惶
2705,忙
2706,比하
2707,汎濫
2708,廟
2709,厚待
2710,永
2711,存
2712,守直
2713,視務
2714,自決
2715,質問
2716,善行
2717,晏
2718,華麗
2719,江의
2720,韜
2721,誤解
2722,手段
2723,嚴重
2724,江邊
2725,俳設
2726,當場
2727,寃
2728,赤子
2729,困辱
2730,산者
2731,通할
2732,門장
2733,究
2734,終身
2735,生活
2736,快樂
2737,症
2738,名節
2739,變動
2740,整齊
2741,暗殺
2742,依例
2743,稅
2744,醉한
2745,延命
2746,金錢
2747,族譜
2748,忠實히
2749,剛愎과
2750,答
2751,樣이
2752,酒
2753,陋名
2754,水口
2755,눈瞳子
2756,求乞
2757,美
2758,地下
2759,黃昏
2760,哭聲
2761,區域
2762,不吉
2763,境遇
2764,勸誘
2765,恭
2766,順
2767,尙
2768,者고
2769,一切
2770,尊重
2771,銀床
2772,喪
2773,掩襲
2774,呼訴
2775,短
2776,盛
2777,九名
2778,擅恣
2779,九分
2780,比喩
2781,奧妙
2782,信賴
2783,庭
2784,印章
2785,斑
2786,指
2787,修築
2788,象의
2789,地震
2790,盒
2791,當然히
2792,大王
2793,行閣
2794,私情
2795,敗한
2796,使役
2797,軟한
2798,門地
2799,枋
2800,萬主
2801,江과
2802,利
2803,權威
2804,九요
2805,諂
2806,안房
2807,仁
2808,愛
2809,江가
2810,心火
2811,六月
2812,四名
2813,痛恨
2814,産
2815,竊盜
2816,門턱
2817,裸
2818,麥
2819,공中
2820,雙
2821,非常
2822,膜이
2823,埋葬
2824,公文
2825,排設
2826,賞給
2827,一次
2828,寒
2829,退
2830,步
2831,慰問
2832,人數
2833,가룟人
2834,老
2835,幼
2836,骨髓
2837,號
2838,不平
2839,活動
2840,庶子
2841,東國
2842,四人
2843,網
2844,詳考
2845,사人
2846,近方
2847,利한
2848,四巨里
2849,硏究
2850,楚
2851,撻
2852,勤
2853,實히
2854,右手
2855,沒數
2856,害毒
2857,龍이
2858,屈服
2859,被殺
2860,嚴한
2861,求한
2862,減少
2863,卑屈
2864,先鋒
2865,制度
2866,捕手
2867,岩
2868,財
2869,改
2870,眞情
2871,平平
2872,天幕
2873,羊보
2874,笞
2875,一晝
2876,强烈
2877,處할
2878,秘訣
2879,栽培
2880,錚錚
2881,獨子
2882,黨
2883,老
2884,量
2885,前이
2886,才操
2887,詰
2888,大門
2889,王복
2890,土城
2891,戰士
2892,開川
2893,母胎
2894,搜
2895,恨
2896,憊치
2897,祭이
2898,全境
2899,解弛
2900,班長
2901,疑惑
2902,湖水
2903,弊端
2904,劇
2905,烈
2906,洞
2907,匠人
2908,爛
2909,善人
2910,拍
2911,掌
2912,誹
2913,數萬
2914,同日
2915,怪
2916,死
2917,君主
2918,自今
2919,輕率
2920,形質
2921,巧妙
2922,童
2923,樂
2924,放釋
2925,樓
2926,姓
2927,出入口
2928,强奪
2929,誠實히
2930,甁들
2931,期約
2932,問議
2933,從事
2934,宣告
2935,脚
2936,膳賜
2937,柄
2938,二요
2939,親切
2940,港口
2941,辭讓
2942,連絡
2943,者기
2944,長成
2945,雲
2946,梯
2947,錄
2948,冒瀆
2949,白首
2950,동山
2951,荒凉
2952,撲
2953,恨하
2954,辯護
2955,屍身
2956,娼女
2957,營業
2958,裕足
2959,强力
2960,矜恤에
2961,今
2962,悔
2963,殷殷
2964,醫師
2965,밤中
2966,泰平
2967,改良
2968,無地
2969,相
2970,距
2971,覺
2972,殘酷
2973,糞
2974,親筆
2975,學識
2976,合理
2977,寃恨
2978,筆
2979,陋
2980,合心
2981,豫告
2982,再
2983,大軍
2984,洗濯
2985,業者
2986,水道
2987,正規
2988,人形
2989,紋
2990,褥
2991,彩
2992,純全히
2993,城곽
2994,宴樂
2995,外所
2996,世俗
2997,奏
2998,乘客
2999,便
3000,險한
3001,友
3002,砂
3003,珍
3004,饌
3005,侍衛
3006,隊
3007,防禦
3008,손手巾
3009,誣陷
3010,攝
3011,政
3012,窓門
3013,奸邪
3014,外套
3015,整理
3016,丈
3017,一例
3018,憾情
3019,詭譎을
3020,信仰
3021,協力
3022,虐者
3023,避難처
3024,暴
3025,洑
3026,藉勢
3027,風聞
3028,待遇
3029,醫員
3030,感
3031,化
3032,灌祭
3033,妹
3034,弟
3035,耕作
3036,家産
3037,五萬
3038,前面
3039,敎師
3040,世系
3041,詭譎하고
3042,詭譎하여
3043,食量
3044,迫
3045,國庫
3046,加入
3047,忠實
3048,抗拒
3049,譁가
3050,旗에
3051,얍복江까지며
3052,아빕月
3053,罰이
3054,五里
3055,且
3056,生活費
3057,火焰
3058,經의
3059,保人
3060,寄
3061,曲
3062,束縛
3063,葬
3064,賊黨
3065,貴重
3066,大端히
3067,運河
3068,衝動
3069,이番
3070,妓에
3071,坐席
3072,精神
3073,寢臺
3074,時日
3075,將帥
3076,淸
3077,傾斜
3078,港灣
3079,鳩
3080,學術
3081,渴望
3082,漠
3083,詩人
3084,胄
3085,移動
3086,錘
3087,殞命
3088,刑
3089,如數
3090,本城
3091,數百
3092,數千
3093,責任
3094,魔術師
3095,龍
3096,配
3097,螺絲
3098,貌
3099,恩
3100,澤
3101,缺點
3102,吩
3103,咐
3104,綱領
3105,奴隸
3106,光
3107,敗戰
3108,重傷
3109,顯著
3110,儀
3111,訊問
3112,留意
3113,大聲
3114,信任
3115,物産
3116,處置
3117,犯罪者
3118,吉
3119,健康
3120,落胎
3121,四代
3122,接한
3123,始初
3124,事務
3125,後陳
3126,防
3127,築
3128,狼狽
3129,眼目
3130,散亂
3131,心臟
3132,葬禮
3133,船體
3134,起
3135,耕
3136,權榮
3137,服지
3138,限定
3139,乳母
3140,斷
3141,決裂
3142,人情
3143,絶對로
3144,僞證
3145,褻
3146,所謂
3147,餞送
3148,艱辛히
3149,妃
3150,嬪
3151,津
3152,液
3153,旗를
3154,杜
3155,勝戰
3156,塘
3157,鵝
3158,兀
3159,鷹
3160,全體
3161,決定
3162,神보
3163,李
3164,寬容
3165,婦人과
3166,拷衣
3167,前軍
3168,獄中
3169,照
3170,耀
3171,發育
3172,農作物
3173,偶
3174,矜恤하심을
3175,重生
3176,各城
3177,貯藏
3178,事例
3179,身長
3180,影響
3181,貫盈
3182,經度
3183,含
3184,無色
3185,渴症
3186,勸한
3187,供養
3188,燭
3189,金物
3190,斟酌
3191,九千
3192,削
3193,刀
3194,汚
3195,穢
3196,囚
3197,公法
3198,穩
3199,記
3200,邊方
3201,靈感
3202,會議
3203,忿과
3204,靜
3205,安樂
3206,表跡
3207,差別
3208,詔
3209,眞心
3210,衛
3211,惜
3212,公과
3213,碑
3214,墓碑
3215,氣色
3216,奸
3217,格言
3218,不安
3219,所有主
3220,匿
3221,損害
3222,王國
3223,平靜
3224,心腸
3225,鼻
3226,力量
3227,基址
3228,掛
3229,債
3230,葉
3231,者임
3232,數里
3233,生鮮
3234,功德
3235,妄
3236,名簿
3237,紅寶
3238,綠
3239,珠
3240,運搬
3241,交合하둣
3242,凡人
3243,靡
3244,團束
3245,北風
3246,每事
3247,數年
3248,談論
3249,史記
3250,壯年
3251,躊躇
3252,詛呪거리
3253,前보
3254,淹
3255,頑固
3256,箸
3257,主요
3258,介意
3259,恐
3260,刀로
3261,金은
3262,軸
3263,惹
3264,鬧
3265,永世
3266,稅로
3267,籠
3268,袍
3269,洋
3270,笙
3271,簧
3272,極甚
3273,收拾
3274,移轉
3275,詭譎에
3276,傳染
3277,頃刻
3278,樂園
3279,鳥籠
3280,度量
3281,論할
3282,陪席
3283,嫉
3284,視
3285,大殿
3286,天障
3287,食事
3288,出戰
3289,空然히
3290,效
3291,失望
3292,如常
3293,緋緞
3294,暴로
3295,形容
3296,表示
3297,技術
3298,考案
3299,後世
3300,祠堂
3301,近來
3302,壇과
3303,衙
3304,三尺
3305,一一이
3306,違法
3307,隻
3308,腰痛
3309,內室
3310,上納
3311,嗔
3312,招
3313,造成
3314,犯法
3315,驛
3316,駿
3317,願한다
3318,無效
3319,構造
3320,良
3321,兄嫂
3322,本分
3323,樹木
3324,助
3325,口傳
3326,哲도
3327,始祖
3328,四指
3329,閉鎖
3330,黃金
3331,琉璃
3332,順理
3333,后
3334,貨가
3335,別味
3336,抑制
3337,合計
3338,死刑
3339,該當
3340,任命
3341,傳한다
3342,一部分
3343,慘敗
3344,更
3345,免除
3346,不和
3347,臆志
3348,山中
3349,傳言
3350,長老
3351,東南
3352,斫
3353,面責
3354,獻金
3355,虛榮
3356,冊임
3357,金銀
3358,不
3359,江水
3360,邦아
3361,處한
3362,論
3363,縮小
3364,騷擾
3365,報告
3366,永贖
3367,當한다
3368,告發
3369,開拓
3370,貨
3371,陣營
3372,高喊
3373,繼
3374,稀貴
3375,自備
3376,糧
3377,名稱
3378,明白히
3379,皇后
3380,令
3381,璧
3382,珍奇
3383,傍觀
3384,馭
3385,拒
3386,契約
3387,童男
3388,無料
3389,焦急
3390,檀
3391,間斷
3392,聲이
3393,腦
3394,嶺
3395,辨別
3396,病者
3397,市場
3398,禾
3399,重要
3400,同事
3401,陣이
3402,尋
3403,訪
3404,蒙
3405,判明
3406,東西
3407,氓이
3408,區
3409,東門
3410,空虛
3411,號令
3412,瘦
3413,瘠
3414,突入
3415,그리스도人
3416,理由
3417,鶴과
3418,戴勝
3419,試鍊
3420,接境
3421,養子
3422,剛愎한대로
3423,侵
3424,班대
3425,臨終
3426,來
3427,詩篇
3428,殘치
3429,進步
3430,接戰
3431,步兵
3432,腕
3433,小兒
3434,別世
3435,成功
3436,地上
3437,赫
3438,丈夫
3439,味
3440,菜食
3441,大作
3442,珊瑚
3443,磨
3444,神社
3445,者처
3446,排斥
3447,管樂
3448,洞
3449,殺害
3450,右
3451,巡廻
3452,高明
3453,底
3454,坑
3455,始終
3456,墓地
3457,妙한
3458,選擇
3459,鼓子
3460,新鮮
3461,臺요
3462,送
3463,稟
3464,賦
3465,赤
3466,連
3467,關念
3468,解하
3469,奔走
3470,歲요
3471,充足
3472,人事
3473,守備
3474,親手
3475,不合
3476,條約
3477,先着
3478,技能
3479,偶然
3480,人跡
3481,私事
3482,慰安
3483,何如間
3484,歲入
3485,等
3486,質
3487,菖
3488,蒲
3489,剛愎히
3490,健壯
3491,道袍
3492,生疎
3493,放恣
3494,將
3495,立
3496,誡
3497,女主人
3498,보告
3499,航海
3500,宗敎
3501,墻
3502,泰山
3503,宣
3504,나中
3505,後苑
3506,强姦
3507,渡
3508,車
3509,觸
3510,健全
3511,極盡
3512,祈
3513,空氣
3514,速速
3515,怨痛
3516,受理
3517,賢
3518,淑
3519,水晶
3520,邑內
3521,末年
3522,久
3523,整頓
3524,雄壯
3525,纏帶
3526,豫
3527,繼承
3528,野
3529,藤
3530,一箇
3531,邪神
3532,民擾
3533,雜
3534,全혀
3535,忌
3536,憚
3537,餐
3538,暗礁
3539,中風
3540,怠慢
3541,充實하
3542,稠
3543,密
3544,壇도
3545,東北
3546,銘心
3547,削髮
3548,本心
3549,薄荷
3550,茴
3551,芹
3552,仁과
3553,步行者
3554,不具
3555,豪華
3556,瞬間
3557,後見人
3558,無顔
3559,勞動者
3560,不順
3561,不得已
3562,一名
3563,譬
3564,詞
3565,欣
3566,艱
3567,公衆
3568,主도
3569,幼弱
3570,訓
3571,示
3572,籍
3573,代表
3574,荊
3575,棘
3576,前無
3577,水仙
3578,前職
3579,取消
3580,詭譎
3581,薦
3582,擧
3583,風聲
3584,粉
3585,招引
3586,後면
3587,空手
3588,等閑
3589,效力
3590,專혀
3591,奇蹟
3592,超越
3593,人種
3594,險
3595,峻
3596,恃
3597,規定
3598,標대를
3599,補充
3600,戰
3601,墮落
3602,音
3603,雇傭
3604,閒暇
3605,分數
3606,碧
3607,托
3608,聖別
3609,細微
3610,幼年
3611,繁盛
3612,旬
3613,足히
3614,莫
3615,測
3616,信聽
3617,監獄
3618,前하
3619,相對
3620,畢하
3621,斑布
3622,背
3623,本錢
3624,慘憺
3625,아山
3626,復
3627,附從
3628,所任
3629,拘
3630,東이
3631,矜恤하심이
3632,期
3633,活
3634,嚴하
3635,理致
3636,血統
3637,法官
3638,不信
3639,安否
3640,孔雀
3641,誇張
3642,中傷
3643,酒幕
3644,浮
3645,費
3646,邪鬼
3647,顔色
3648,變함
3649,病듦으로
3650,統轄
3651,薄
3652,有無
3653,紛亂
3654,太半
3655,斑點
3656,變할
3657,太平
3658,運動
3659,銳利
3660,關節
3661,所시
3662,白馬
3663,平野
3664,行次
3665,勢
3666,當籤
3667,聖神
3668,執權
3669,浪이
3670,爵
3671,未來
3672,文字
3673,如前
3674,方式
3675,器에
3676,淨할
3677,巫
3678,狂
3679,方向
3680,程
3681,棺
3682,慘澹
3683,跡
3684,整列
3685,批判
3686,通商
3687,先進
3688,雅歌
3689,六
3690,剛愎하여
3691,私生
3692,使用
3693,處理
3694,水面
3695,替
3696,通報
3697,雇用
3698,回生
3699,進行할
3700,醋
3701,朱錫
3702,風流
3703,簫
3704,工業
3705,促
3706,急
3707,酬
3708,選定
3709,單身
3710,考
3711,誣訴
3712,料
3713,不滿
3714,罷
3715,彷彿
3716,果
3717,園直
3718,謀議
3719,威力
3720,愉快
3721,淪
3722,老少
3723,騰騰
3724,香기
3725,純情
3726,律法
3727,家屬
3728,裕
3729,平均
3730,뒤便
3731,稅金
3732,點心
3733,安慰
3734,答狀
3735,表面
3736,急速히
3737,分揀
3738,加減
3739,救助
3740,隱身
3741,上層
3742,强國
3743,啓明
3744,星이
3745,交換
3746,飢饉
3747,賞도
3748,一과
3749,回想
3750,華
3751,猛
3752,完備
3753,自責
3754,幣
3755,帛
3756,動作
3757,障碍
3758,安葬
3759,使命
3760,隸
3761,勸한다
3762,碑石
3763,記念碑
3764,受
3765,排泄物
3766,山羊
3767,猶豫
3768,同胞
3769,經緯
3770,不良者
3771,者위
3772,自尊
3773,行步
3774,詛呪거리가
3775,自請
3776,勞苦
3777,默默히
3778,好意
3779,馬廐
3780,基地
3781,結果
3782,欲望
3783,印度
3784,剝奪
3785,豫言者
3786,逃走
3787,計策
3788,希望
3789,瑞
3790,本質
3791,度로
3792,巡察
3793,職責
3794,廣告
3795,焦
3796,悴
3797,危殆
3798,擴張
3799,擔保
3800,閣下
3801,端正
3802,鬪
3803,隔
3804,發生
3805,爛
3806,記憶나
3807,襁
3808,舍館
3809,太后
3810,奴
3811,行進
3812,一體
3813,週
3814,名下
3815,留陣
3816,片
3817,無信
3818,薄한
3819,男女老少
3820,沈默
3821,元來
3822,屠獸
3823,弔問
3824,鍾子
3825,然
3826,乾
3827,羊도
3828,勇敢
3829,部落
3830,神인
3831,詭譎하며
3832,慇懃히
3833,沙汰
3834,他
3835,告함
3836,床의
3837,侍立
3838,公服
3839,眩恍
3840,呼出
3841,壯嚴
3842,鬪爭
3843,巢
3844,二更
3845,乘
3846,秋
3847,收藏
3848,眩慌
3849,味覺
3850,孤獨
3851,情境
3852,欄干
3853,溫泉
3854,開
3855,諭
3856,過度
3857,前인
3858,現在
3859,文
3860,井
3861,刺字
3862,和答
3863,至善
3864,警備
3865,中앙
3866,學者
3867,指揮
3868,日記
3869,鐵器
3870,男兒
3871,古代
3872,攄得
3873,殿하
3874,强迫
3875,憑
3876,福도
3877,稀少
3878,至極
3879,本夫
3880,告白
3881,錚
3882,習
3883,黃寶
3884,金剛
3885,基業인
3886,料理
3887,鎭靜
3888,子子
3889,離
3890,諱
3891,垓
3892,唐慌
3893,收穫
3894,神일
3895,公判
3896,이第
3897,夜更
3898,가萬
3899,至親
3900,諫
3901,萬世
3902,惻隱
3903,列
3904,內腑
3905,修
3906,補
3907,免罪
3908,與
3909,一致
3910,可決
3911,自體
3912,堂堂히
3913,方道
3914,遽
3915,驍勇
3916,아빕月의
3917,擊
3918,廉恥
3919,可치
3920,惡보
3921,善終
3922,朱
3923,眞
3924,아빕月에
3925,鍮器
3926,貶
3927,無事히
3928,通한
3929,自處
3930,前進
3931,直徑
3932,都數
3933,植物
3934,發覺
3935,문故
3936,監察
3937,懈怠
3938,住宅
3939,正確
3940,旱
3941,創設
3942,地가
3943,二週
3944,憤氣
3945,縛이
3946,尤
3947,綠이
3948,家藏
3949,什
3950,人類
3951,誼
3952,代로
3953,有心히
3954,護
3955,鏡
3956,別名
3957,病床
3958,正式
3959,民會
3960,禁止
3961,部下
3962,陣가
3963,場이
3964,斷言
3965,脅迫
3966,踪
3967,跡으로
3968,老少
3969,貞操
3970,毛髮
3971,篇
3972,小刀
3973,王候
3974,快活
3975,寢睡
3976,善良
3977,手工
3978,肺
3979,看過
3980,幼稚
3981,保養
3982,道가
3983,恒
3984,用
3985,齋戒
3986,神性
3987,後隊
3988,瀝
3989,門안
3990,矜恤은
3991,定式
3992,轎
3993,前後
3994,釘
3995,頂수리
3996,處罰
3997,火가
3998,優勝
3999,輦
4000,判斷力
4001,悚懼
4002,結婚
4003,太
4004,古
4005,死亡者
4006,端
4007,門下
4008,寃痛
4009,心志
4010,光景
4011,模
4012,目
4013,帳안
4014,無時
4015,精한
4016,稱號
4017,財務
4018,復舊
4019,環
4020,服裝
4021,亡命
4022,處分
4023,親한
4024,壇위
4025,引枋
4026,安寧
4027,金管
4028,數人
4029,咐대
4030,腑
4031,扶持
4032,浪
4033,虛費
4034,眞正한
4035,充
4036,年末
4037,禮式
4038,首領
4039,逼
4040,두山
4041,놋山이더라
4042,勵
4043,零落
4044,季
4045,臣民
4046,移種
4047,毫
4048,規模
4049,學問
4050,詭譎의
4051,假裝
4052,二隊로
4053,富를
4054,政爭
4055,雇價
4056,願할
4057,間隔
4058,類
4059,痢疾
4060,沮
4061,英雄
4062,數라
4063,呻吟
4064,過激
4065,詭譎者가
4066,略
4067,傳
4068,煎鐵
4069,刻刀
4070,開廷
4071,威勢
4072,統一
4073,勇氣
4074,垂楊
4075,驅迫
4076,慘酷
4077,休息
4078,無力
4079,同宗
4080,薄待
4081,領土
4082,所屬
4083,同參
4084,本體
4085,毫釐
4086,胃
4087,造物
4088,自取
4089,可否
4090,箔
4091,拘束
4092,明郞
4093,異狀
4094,公主
4095,麓
4096,破器
4097,幽靈
4098,擊破
4099,菓
4100,煎餠
4101,立法
4102,俯
4103,伏
4104,衣
4105,勸告
4106,農業
4107,申
4108,飭
4109,突破
4110,害로운
4111,私有
4112,一口
4113,摘發
4114,一家
4115,頑悖
4116,縱
4117,祿
4118,幹
4119,놋工匠을
4120,魚鱗
4121,殮
4122,襲
4123,南向
4124,灣
4125,今世
4126,來世
4127,氣象
4128,初步
4129,數니
4130,宛然
4131,野蠻
4132,想像
4133,가指
4134,示고
4135,蕭蕭
4136,將官
4137,恝
4138,殺人罪
4139,可能
4140,嗣子
4141,少
4142,結託
4143,制裁
4144,火木
4145,首頭
4146,陣旗
4147,九歲
4148,濕氣
4149,貧弱
4150,撥
4151,飮料
4152,監禁
4153,醉할
4154,統率
4155,竝行
4156,傳例
4157,模形
4158,壇아
4159,承認
4160,完
4161,個人
4162,監
4163,飮
4164,寶庫
4165,宗家
4166,姨母
4167,姑母
4168,設置
4169,造化
4170,白色
4171,綠色
4172,大理石
4173,百石
4174,熱烈
4175,仲
4176,媒
4177,表明
4178,一行
4179,書籍
4180,參星
4181,昴
4182,神話
4183,榧子
4184,巴
4185,旦
4186,杏
4187,後園
4188,合同
4189,證據人
4190,設備
4191,石灰
4192,鶴
4193,字
4194,接待
4195,酋長
4196,守令
4197,切
4198,薦新
4199,攻擊
4200,商業
4201,評
4202,施
4203,濟
4204,處地
4205,門中
4206,若
4207,哀呼
4208,高山
4209,嶺
4210,候
4211,葬地
4212,指摘
4213,富大
4214,態度
4215,英
4216,傑이
4217,男丁
4218,범罪
4219,生日
4220,不過
4221,曖昧
4222,供職
4223,挽回
4224,連合
4225,理解
4226,强硬
4227,놋壇을
4228,判
4229,損
4230,牧師
4231,演奏
4232,凱
4233,熱氣
4234,一般인
4235,旗
4236,爲先
4237,家長
4238,談話
4239,壽도
4240,富도
4241,承諾
4242,無用
4243,適
4244,權慰
4245,高利
4246,貸
4247,副祭
4248,筒
4249,河馬
4250,務
4251,過食
4252,戒
4253,矜恤의
4254,可한
4255,設立
4256,行裝
4257,狡
4258,危
4259,探偵
4260,四寸
4261,船價
4262,밥床
4263,桿
4264,皿稱
4265,錘돌
4266,大略
4267,歸順
4268,朋
4269,諾
4270,愛護
4271,爽快
4272,有夫
4273,理性
4274,本能
4275,事故
4276,羚羊
4277,步助
4278,導
4279,宇宙
4280,雇
4281,聘
4282,請婚
4283,淸明
4284,市內
4285,明白
4286,輜重
4287,分離
4288,板子
4289,巫堂
4290,饍
4291,禦
4292,混沌
4293,添加
4294,聲大
4295,種植
4296,壯大
4297,矜恤하심과
4298,負傷者
4299,議士
4300,面은
4301,半圓
4302,形
4303,抑壓
4304,厚한
4305,刺
4306,猶
4307,路程
4308,性이
4309,眼
4310,兩方
4311,公正
4312,不快
4313,賞주시
4314,方面
4315,內外
4316,鍊磨
4317,來
4318,公直
4319,詭譎이니라
4320,發源
4321,者식
4322,姻緣
4323,慄
4324,厭症
4325,稅關
4326,標하
4327,密接
4328,銀사
4329,領地
4330,招待
4331,懲魂
4332,水路
4333,國稅
4334,無關
4335,里니
4336,結合
4337,苦海
4338,長短
4339,行陳
4340,一定
4341,蠱脹
4342,同業
4343,傳染病
4344,龕
4345,時節
4346,女弟
4347,收
4348,欽
4349,需用
4350,愁心
4351,高尙
4352,應對
4353,狀況
4354,每主
4355,拙
4356,翁
4357,隔한
4358,隨員
4359,信者
4360,練
4361,熟
4362,沿岸
4363,病身
4364,準
4365,價
4366,豊
4367,備
4368,敎養
4369,半日
4370,段
4371,次로
4372,享
4373,訪問
4374,騷亂
4375,水源
4376,諷
4377,宴席
4378,連續
4379,症勢
4380,實情
4381,動心
4382,羊치
4383,兩
4384,運動場
4385,生業
4386,出發
4387,伸雪
4388,轉覆
4389,庶
4390,近隣
4391,雄
4392,充分히
4393,模型
4394,虐殺
4395,琥珀
4396,白瑪
4397,紫水
4398,晶
4399,情交
4400,霧
4401,零星
4402,激勵
4403,紫紬
4404,鍮
4405,宰相
4406,類로
4407,自足
4408,歸
4409,隊로
4410,嘉
4411,精誠
4412,聖牌
4413,方席
4414,泄
4415,懇曲
4416,或者
4417,總數
4418,拍手
4419,忠信
4420,工夫
4421,占하
4422,利하
4423,銀行
4424,再次
4425,霹
4426,靂
4427,格鬪
4428,時機
4429,現
4430,冷
4431,恪
4432,審理
4433,一息
4434,家
4435,給
4436,債用
4437,利子
4438,憐恤할
4439,勤勉
4440,稀微
4441,賦課
4442,額數
4443,衆生
4444,傑
4445,盡한
4446,靈도
4447,極端
4448,孤
4449,精水
4450,街
4451,官職
4452,差等
4453,貧富
4454,爲限
4455,特異
4456,曉
4457,喩
4458,狀態
4459,謝禮
4460,巨額
4461,奇怪
4462,銅이
4463,全權
4464,朝會
4465,大宴
4466,食料品
4467,悼
4468,用度
4469,不便
4470,四時
4471,日字
4472,風潮
4473,王위
4474,容認
4475,茵
4476,蔯
4477,失敗
4478,孼
4479,委托
4480,아빕月을
4481,顯
4482,불試
4483,意思
4484,精巧
4485,巖
4486,應用
4487,舟의
4488,集
4489,指目
4490,友誼
4491,詭譎도
4492,源泉
4493,禍보
4494,調和
4495,祭로
4496,貸金
4497,놋槍을
4498,甕器
4499,死罪
4500,謀臣
4501,交戰
4502,同壻
4503,隱蔽
4504,國事
4505,無慈悲
4506,相對便
4507,請願
4508,軍糧
4509,臺로
4510,哲學
4511,絶望
4512,楓子
4513,大部分
4514,限하
4515,口舌
4516,堞
4517,順序
4518,調
4519,南北
4520,金品
4521,桶과
4522,얍복江
4523,芸
4524,閥
4525,惡의
4526,譽
4527,吝嗇
4528,黜
4529,例
4530,遮日
4531,沙鉢
4532,馬는
4533,性慾
4534,中年
4535,初一
4536,園지
4537,親睦
4538,得이
4539,醫藥
4540,正大
4541,程度
4542,其
4543,罪責
4544,路니
4545,矜恤하심으로
4546,戰勢가
4547,猛獸
4548,和解
4549,赦罪
4550,橫暴
4551,性急
4552,評論
4553,諷刺
4554,討論
4555,友情
4556,花가
4557,喪家
4558,散散
4559,鬱憤
4560,萬事
4561,員
4562,各地
4563,水族
4564,隊가
4565,答禮
4566,山골
4567,狡猾
4568,船主
4569,冊床
4570,完成
4571,監視
4572,脾胃
4573,親庭
4574,者자
4575,句
4576,狹
4577,窄
4578,明朗
4579,關心
4580,簡單히
4581,多量
4582,巾
4583,忠臣
4584,場所
4585,喪事
4586,默認
4587,署名
4588,狀이
4589,空想
4590,蜜
4591,地點
4592,枕
4593,多情
4594,平床
4595,時刻
4596,初저
4597,繩
4598,法廷
4599,征
4600,條條
4601,髮
4602,差
4603,錯
4604,延期
4605,旗로
4606,貴가
4607,極樂
4608,標的
4609,開東
4610,固辭
4611,謀免
4612,過하
4613,貯水池
4614,直기
4615,國王
4616,代書
4617,修殿
4618,指路
4619,祿
4620,賦役
4621,宗
4622,놋管
4623,向方
4624,虛空
4625,賻儀
4626,王冠
4627,矜恤이나
4628,癎疾
4629,罷免
4630,沮戱
4631,娛樂
4632,午餐
4633,講壇
4634,紗帽
4635,超等
4636,憤과
4637,區分
4638,認可
4639,以
4640,地帶
4641,壘
4642,壇단과
4643,復職
4644,理論
4645,緊要
4646,信號
4647,定命
4648,突擊
4649,行狀
4650,秩序
4651,善보
4652,黨員
4653,努力
4654,港
4655,災禍
4656,離散
4657,壯麗
4658,接하
4659,陋名
4660,遠視
4661,址垈
4662,柱의
4663,顯著히
4664,一代
4665,二代
4666,屈辱
4667,權慰子
4668,終是
4669,親密
4670,專務
4671,樂인
4672,法則
4673,淡
4674,翡
4675,翠
4676,紫晶
4677,荷物
4678,全力
4679,中途
4680,興奮
4681,噴
4682,泉
4683,生寡
4684,無所
4685,赦有
4686,隊商
4687,饗應
4688,賞주
4689,外面
4690,歆
4691,饗
4692,殿門의
4693,腎
4694,詐僞
4695,偸
4696,竊
4697,牟
4698,舊約
4699,忿氣
4700,燒酒
4701,因한
4702,隋從
4703,紳士
4704,地球
4705,東山
4706,亭子
4707,時事
4708,街路
4709,上의
4710,接對
4711,威令
4712,漂流
4713,敬待
4714,果樹
4715,保이
4716,表하
4717,闇
4718,陷
4719,形勢
4720,矜恤없는
4721,家臣
4722,苛
4723,死者
4724,傷寒
4725,發言
4726,瓦
4727,礫
4728,連한
4729,秒
4730,開墾
4731,驅逐
4732,國土
4733,火石
4734,塋
4735,萬이
4736,經驗
4737,保管
4738,謄
4739,寫
4740,燥
4741,復興
4742,遞
4743,北極
4744,對할
4745,損失
4746,鑛
4747,細細
4748,詭譎이
4749,法令
4750,發布
4751,步行
4752,首席
4753,起動
4754,臟腑
4755,組織
4756,甲板
4757,週年
4758,附近
4759,悚
4760,憐恤히
4761,時時
4762,鄙
4763,橫
4764,鉛
4765,奮
4766,進就
4767,書院
4768,山岳
4769,贊成
4770,警報
4771,王城
4772,計略
4773,飢
4774,渴이
4775,檢
4776,産門
4777,놋店匠이라
4778,嗣이
4779,元始
4780,水中
4781,合瘡
4782,憫
4783,松
4784,愴
4785,資料
4786,玉髓
4787,行列
4788,純眞
4789,有口
4790,無事
4791,人心
4792,往
4793,豫選
4794,募
4795,露
4796,步調
4797,等待
4798,强制
4799,有識
4800,急速
4801,方針
4802,無名
4803,力士
4804,尾
4805,閭
4806,桂樹
4807,述
4808,旗와
4809,誓
4810,紊亂
4811,順한
4812,絶壁
4813,놋壇이
4814,拷衣로
4815,避케
4816,臭
4817,成事
4818,栽培치
4819,놋壇에
4820,仲裁
4821,嘉尙
4822,丹楓
4823,居기
4824,脂肪
4825,衡
4826,一隊
4827,烏木
4828,空間
4829,改革
4830,居住地
4831,夫들
4832,慶
4833,단子
4834,弔
4835,놋提琴을
4836,激忿
4837,虹
4838,陋
4839,孑
4840,單
4841,靑春
4842,屯
4843,五人
4844,狼이
4845,火傷
4846,錢財
4847,競技
4848,數도
4849,制限
4850,脈
4851,儉閱
4852,價格
4853,無能
4854,神도
4855,上品
4856,縱과
4857,蔽
4858,海物
4859,食後
4860,貰
4861,勤勞
4862,驚動
4863,論爭
4864,屈하
4865,管
4866,精微
4867,놋軸이
4868,萬人
4869,祝賀
4870,覺悟
4871,外國
4872,速
4873,紗
4874,半달
4875,無人
4876,記事
4877,鮎
4878,掃蕩
4879,喪輿
4880,關
4881,名目
4882,六枝
4883,抑留
4884,條件
4885,矜
4886,恤
4887,恐喝
4888,神奇
4889,金床
4890,寃情
4891,汨沒
4892,뒷山
4893,結末
4894,長年
4895,編輯
4896,喪失
4897,期間
4898,現場
4899,瀑布
4900,遺失
4901,鎭營
4902,察
4903,短縮
4904,詭譎이라
4905,善행
4906,運轉
4907,九代
4908,符
4909,氣塞
4910,孝
4911,原
4912,嗤笑
4913,徘徊
4914,標準
4915,忖
4916,말門
4917,聖地
4918,機
4919,登錄
4920,夫人
4921,妨害
4922,回轉
4923,西로
4924,容量
